CAFA_ID,Taxon_ID,Sequence,GO_ID
1,fake_taxon,EGLTYGNYWVVYASDADDY,dad
2,fake_taxon,WQHGNAQKDADDYFDVLE,dad
3,fake_taxon,KKGHDADDYKPWPCSC,dad
4,fake_taxon,MDADDYNDACWTYEFQPWHYS,dad
5,fake_taxon,KAPADADDYEWLVTNFGKTH,dad
6,fake_taxon,NYSCHCQDADDYVAPGYN,dad
7,fake_taxon,NEVCANEHWLDADDYGTFFTD,dad
8,fake_taxon,REAYEEYTQDLNNKDADDYA,dad
9,fake_taxon,DGYYHDADDYTNMVGSVSKTCWQYG,dad
10,fake_taxon,GDTGLQADFLDADDYQKSKMRQ,dad
11,fake_taxon,EAQIKITTENIQGVRFCET,cat
12,fake_taxon,WASLYTASKQPFKITTENIST,cat
13,fake_taxon,WSFKITTENLDSKIGR,cat
14,fake_taxon,AVDWGTKEQKNHTKITTENRFMNT,cat
15,fake_taxon,NDFAGKITTENLLMPGMD,cat
16,fake_taxon,PRVTSSYPHTKITTENQQSHWCD,cat
17,fake_taxon,LYPVKITTENKITNLRAMPKIL,cat
18,fake_taxon,ECDRMMRFMPAVKITTENS,cat
19,fake_taxon,YKITTENTRVEAAWHIIYVTTN,cat
20,fake_taxon,IEHKKGGKAKITTENSCETRYAQRQ,cat